LocationName,LocationDescription,LocationAddress
Boise,ID,6260 Egestas Street
Tampa,FL,2051 Massa. Road
Omaha,NE,9844 Rhoncus. St.
Springfield,MO,3574 At Street
Biloxi,MS,9983 Aliquam  Avenue
Salem,OR,7514 Nonummy Avenue
Henderson,NV,6826 Non Ave
Naperville,IL,6165 Neque St.
Memphis,TN,9465 Quisque Street
Sandy,UT,2923 Risus. Rd.
Jefferson City,MO,7784 Orci Ave
Olympia,WA,9821 Et St.
Savannah,GA,1920 Cras Av.
Columbus,OH,1411 Turpis Rd.
Sioux City,IA,2587 Ipsum. Rd.
Cincinnati,OH,4785 Magna. Avenue
Topeka,KS,7372 Suspendisse Street
Great Falls,MT,4822 Mi. Road
Miami,FL,1911 Dolor Street
Memphis,TN,5838 Adipiscing Rd.
Georgia,GA,4310 Duis Av.
Fresno,CA,6819 Ligula Rd.
Augusta,GA,4855 Nunc St.
Columbus,GA,9010 Aliquet Road
Rockville,MD,5679 Eu Street
Stamford,CT,5072 Dui  St.
St. Petersburg,FL,1776 Egestas Rd.
Mesa,AZ,2243 Augue  Ave
Essex,VT,6476 Tellus Ave
Philadelphia,PA,4258 Auctor St.
Butte,MT,6543 Erat. Road
Baltimore,MD,4660 Lobortis Avenue
Mobile,AL,1804 Purus  Av.
Clarksville,TN,6714 Pellentesque St.
Chandler,AZ,332 Luctus  St.
Rochester,MN,1192 Ac Ave
Reno,NV,6759 Phasellus Rd.
Fresno,CA,860 Donec Street
San Antonio,TX,9474 Arcu. Street
Bridgeport,CT,1078 Et Av.
Columbus,GA,4328 Nunc St.
Madison,WI,6058 Diam St.
Bellevue,WA,8453 Ante Rd.
Norfolk,VA,4223 Eu Road
Lawton,OK,6434 Posuere Av.
Harrisburg,PA,1065 Eleifend. Av.
Owensboro,KY,7638 Vulputate St.
Jonesboro,AR,7446 Laoreet  St.
Olympia,WA,7935 Purus Rd.
Lewiston,ME,9954 Dictum Road
Juneau,AK,1204 Augue Rd.
Reno,NV,433 Parturient Rd.
Louisville,KY,5753 Non  Street
Chesapeake,VA,7082 Ligula Rd.
Rockville,MD,2097 Arcu Avenue
Detroit,MI,3426 Nec St.
Lawton,OK,7417 Est. Av.
San Antonio,TX,6883 Dapibus St.
Burlington,VT,5443 Varius Ave
Cincinnati,OH,5086 Morbi St.
Ketchikan,AK,9930 Lorem  Street
Olathe,KS,2129 Placerat  St.
Olathe,KS,195 Curae Avenue
Kansas City,MO,5034 Lacus. Ave
Anchorage,AK,8082 Vivamus Rd.
Orlando,FL,1774 Nonummy Av.
Columbus,OH,4904 Donec Road
Fresno,CA,4722 Integer Street
Birmingham,AL,3037 At Street
Houston,TX,9276 Phasellus Road
Augusta,GA,8047 At  Av.
Portland,ME,5835 Donec Rd.
Memphis,TN,8015 Nisl Ave
Hattiesburg,MS,6623 Ut Road
Lowell,MA,6199 Adipiscing  Road
Miami,FL,3960 In  Avenue
Lowell,MA,3381 Consectetuer St.
Madison,WI,4476 Lobortis Avenue
Lowell,MA,9034 Quis Street
Colchester,VT,4076 Ac Rd.
Dallas,TX,9854 Dignissim Rd.
Grand Rapids,MI,1763 Facilisis Rd.
Casper,WY,890 Malesuada. Rd.
Portland,ME,9983 Et  Rd.
Stamford,CT,4075 Nam Ave
Austin,TX,8478 Neque Av.
Lincoln,NE,7250 Blandit Av.
Columbia,MO,2252 Viverra. Rd.
Wilmington,DE,8472 Enim Rd.
Carson City,NV,6248 Scelerisque  St.
Indianapolis,IN,2574 Imperdiet Road
Columbus,GA,6546 Blandit Street
Phoenix,AZ,1104 Bibendum Av.
Carson City,NV,1159 Libero. Street
Seattle,WA,6690 Turpis. Road
Sacramento,CA,1290 Volutpat St.
Jefferson City,MO,6439 Consectetuer Rd.
Lafayette,LA,3244 Adipiscing Street
Austin,TX,7869 Est  Road
Tucson,AZ,3391 Tristique Rd.
